,abundance,relative abundance (%)
2-12-full-69-37,0.0213152278159743,0.007061206066222837
2011-gwc2-44-17,0.0,0.0
4572-112,0.0,0.0
46-80,0.0,0.0
58-81,0.0,0.0
67-14,0.0,0.0
79-d21,0.0,0.0
ag41,0.0,0.0
asp10-05a,0.0,0.0
auk324,0.0,0.0
awtp1-35,0.0,0.0
absconditicoccus,0.0,0.0
absicoccus,0.0,0.0
acetatifactor,0.0,0.0
acetivibrio,0.0,0.0
acetoanaerobium,0.0,0.0
acetobacter,0.0,0.0
acetobacterium,0.0,0.0
acetobacteroides,0.0,0.0
acetomicrobium,0.0674046687438554,0.022329494197061994
acholeplasma,0.0213152278159743,0.007061206066222837
acholeplasma_c,0.0,0.0
achromobacter,0.0,0.0
acidaminococcus,0.0,0.0
acidilutibacter,0.0,0.0
acidimangrovimonas,0.0,0.0
acinetobacter,0.0,0.0
actinomyces,0.0,0.0
advenella_a,0.0,0.0
aeoliella,0.0,0.0
aequorivita,0.0,0.0
aeriscardovia,0.0,0.0
aerococcus,0.0,0.0
aestuariivirga,0.0,0.0
afipia,0.0,0.0
agathobaculum,0.0,0.0
aggregatilinea,0.0,0.0
agriterribacter,0.0,0.0
akkermansia,0.0,0.0
albibacterium,0.0,0.0
albidovulum,0.0,0.0
alcaligenes,0.0,0.0
aldehydirespirator,0.0,0.0
aliarcobacter,0.0,0.0
aliidiomarina,0.0,0.0
alistipes,0.0,0.0
aliterella,0.0,0.0
alkalicella,0.0,0.0
alkaliflexus,0.0,0.0
alkalihalobacterium,0.0,0.0
alkaliphilus,0.0,0.0
alkaliphilus_b,0.0,0.0
alsobacter,0.0,0.0
altimarinus,0.0,0.0
amaricoccus,0.0,0.0
aminiphilus,0.0,0.0
aminipila,0.0,0.0
aminithiophilus,0.0,0.0
aminivibrio,0.0,0.0
aminobacterium,0.0,0.0
amphibacillus_b,0.0,0.0
amphritea,0.0,0.0
anaerobacterium,0.047662298352413,0.015789336767208173
anaerobranca,0.0,0.0
anaerocaecibacter,0.0,0.0
anaerococcus,0.0,0.0
anaerocolumna,0.0,0.0
anaeromyxobacter_a,0.0,0.0
anaerosphaera,0.0,0.0
anaerosporobacter,0.0,0.0
anaerotignum,0.0,0.0
andreesenia,0.0,0.0
anoxybacillus_a,0.0,0.0
aphodoplasma,0.0301442842624232,0.00998605338556354
aphodosoma,0.0,0.0
aphodousia,0.0,0.0
apilactobacillus,0.0,0.0
aquamicrobium_a,0.0,0.0
aquincolibacterium,0.0,0.0
aquisediminimonas,0.0,0.0
arachnia,0.0,0.0
arctic95d-9,0.0,0.0
arenimonas,0.0,0.0
aristaeella,0.0,0.0
arthrobacter,0.0,0.0
arthrobacter_c,0.0,0.0
arthrobacter_d,0.0,0.0
asp313,0.0,0.0
atopostipes,0.0,0.0
atribacter,0.0,0.0
aureimonas_a,0.0,0.0
azohydromonas,0.0,0.0
azonexus,0.0,0.0
azospirillum,0.0,0.0
b1sed10-75,0.0,0.0
bica1-8,0.0,0.0
bm520,0.0,0.0
bog-932,0.0,0.0
bp-133,0.0,0.0
brh-c8a,0.0,0.0
bacillus,0.0,0.0
bacillus_bu,0.0,0.0
bact-08,0.0,0.0
bact-11,0.0213152278159743,0.007061206066222837
bact-19,0.0301442842624232,0.00998605338556354
bacteroides,0.0,0.0
bacteroides_e,0.0,0.0
bacteroides_g,0.0,0.0
bacteroides_h,0.0,0.0
bacteroides_i,0.0,0.0
baekduia,0.0,0.0
bariatricus,0.0,0.0
bifidobacterium,0.0,0.0
bilifractor,0.0,0.0
bin107,0.0,0.0
bin65,0.0,0.0
bin94,0.0,0.0
biomaibacter,0.0,0.0
bipolaricaulis,0.0,0.0
blautia,0.0,0.0
bosea,0.0,0.0
bovifimicola,0.0,0.0
brachybacterium,0.0,0.0
brachymonas,0.0,0.0
brevefilum,0.0,0.0
brevibacillus,0.0,0.0
brevundimonas,0.0,0.0
breznakiella,0.0,0.0
brooklawnia,0.0,0.0
brucepastera,0.0,0.0
bu05,0.0,0.0
bulleidia,0.0,0.0
bullifex,0.0,0.0
burkholderia,0.0,0.0
butyribacter,0.0,0.0
butyricicoccus,0.0,0.0
cabmkh01,0.0,0.0
cadcwi01,0.0,0.0
caddzs01,0.0,0.0
cadeen01,0.0,0.0
cag-1000,0.0,0.0
cag-115,0.0,0.0
cag-177,0.0,0.0
cag-1782,0.0,0.0
cag-238,0.0,0.0
cag-266,0.0,0.0
cag-269,0.0,0.0
cag-273,0.0,0.0
cag-313,0.0426304556319487,0.014122412132445706
cag-390,0.0,0.0
cag-411,0.0,0.0
cag-448,0.0,0.0
cag-465,0.0,0.0
cag-488,0.0,0.0
cag-492,0.0,0.0
cag-552,0.0,0.0
cag-762,0.0,0.0
cag-791,0.0,0.0
cag-873,0.0,0.0
caijmu01,0.0,0.0
caikod01,0.0,0.0
cailad01,0.0,0.0
caimtb01,0.0,0.0
caindr01,0.0,0.0
cainnr01,0.0,0.0
cainvv01,0.0,0.0
caiomd01,0.0,0.0
caiqiq01,0.0,0.0
cairdp01,0.0,0.0
caistg01,0.0,0.0
caitkp01,0.0,0.0
caivat01,0.0,0.0
caiwhr01,0.0,0.0
caiwko01,0.0,0.0
caiwxq01,0.0,0.0
caixse01,0.0,0.0
cajatl01,0.0,0.0
cajbez01,0.0,0.0
cajblf01,0.0,0.0
cajbvg01,0.0,0.0
cajlir01,0.0,0.0
cajoig01,0.0,0.0
cajojo01,0.0,0.0
cajolv01,0.0213152278159743,0.007061206066222837
cakkpp01,0.0,0.0
cakpsh01,0.0,0.0
cakxik01,0.0,0.0
calarr01,0.0,0.0
calbkh01,0.0,0.0
calboc01,0.0,0.0
calcjh01,0.0,0.0
calcth01,0.0,0.0
caldpk01,0.0,0.0
caldzk01,0.0,0.0
calekx01,0.0,0.0
calfyt01,0.0,0.0
calgfd01,0.0,0.0
calgkj01,0.0,0.0
calhvr01,0.0,0.0
caljes01,0.0213152278159743,0.007061206066222837
calkxv01,0.0,0.0
callxs01,0.0,0.0
caluth01,0.0,0.0
calvld01,0.0514595120783975,0.017047259451786374
calvvn01,0.0,0.0
calvvx01,0.0,0.0
calzbj01,0.0,0.0
calzjg01,0.0,0.0
camdpa01,0.0,0.0
camuxe01,0.0,0.0
canrin01,0.036919057552173,0.012230367669411558
casear01,0.0,0.0
caseyk01,0.0,0.0
casgdd01,0.0,0.0
cf-154,0.0,0.0
chh4-2,0.0,0.0
caccocola,0.0,0.0
caccovivens,0.0,0.0
caldalkalibacillus,0.1542384374322849,0.05109536709832249
caldatribacterium,0.036919057552173,0.012230367669411558
caldibacillus_b,0.0,0.0
caldicellulosiruptor,0.0,0.0
caldicoprobacter,0.422564271953919,0.139985057924358
caldimonas,0.0,0.0
caldisalinibacter,0.0,0.0
caloramator,0.0,0.0
caloramator_b,0.0,0.0
caloranaerobacter,0.0,0.0
caproicibacterium,0.0,0.0
caproiciproducens,0.0,0.0
carboxydothermus,0.0670633418145962,0.022216421054975094
carboxylicivirga,0.0,0.0
carnobacterium_a,0.0,0.0
catenibacterium,0.0,0.0
cellulomonas,0.0,0.0
cellulosilyticum,0.0,0.0
cellulosimicrobium,0.0,0.0
centipeda,0.0,0.0
ch115,0.0,0.0
ch66,0.0,0.0
ch71,0.0,0.0
changpingibacter,0.0,0.0
chelatococcus_a,0.0,0.0
chiayiivirga,0.0,0.0
chitinispirillum,0.0,0.0
christensenella,0.0,0.0
citrobacter,0.0,0.0
cloacibacillus,0.0,0.0
cloacibacterium,0.0,0.0
cloacimonas,0.0,0.0
clostridioides,0.0,0.0
clostridium,0.0213152278159743,0.007061206066222837
clostridium_ab,0.0,0.0
clostridium_ad,0.0,0.0
clostridium_ak,0.0,0.0
clostridium_an,0.0,0.0
clostridium_at,0.0,0.0
clostridium_au,0.0,0.0
clostridium_e,0.0,0.0
clostridium_g,0.0,0.0
clostridium_h,0.0,0.0
clostridium_j,0.0,0.0
clostridium_n,0.0,0.0
collinsella,0.0,0.0
comamonas,0.0,0.0
comamonas_c,0.0,0.0
companilactobacillus,0.0,0.0
conexibacter,0.0,0.0
contubernalis,0.0,0.0
coprenecus,0.0,0.0
coproplasma,0.0,0.0
coprosoma,0.0,0.0
coprothermobacter,0.0,0.0
corynebacterium,0.0,0.0
cryptobacteroides,0.0,0.0
cupidesulfovibrio,0.0,0.0
curtobacterium,0.0,0.0
cutibacterium,0.0,0.0
cypionkella,0.0,0.0
daidjw01,0.0,0.0
daourc01,0.0426304556319487,0.014122412132445706
dmer64,0.0,0.0
drkv01,0.0,0.0
drpn01,0.0,0.0
dsm-111022,0.0,0.0
dtu008,0.0,0.0
dtu010,0.1587875709801878,0.052602382162005565
dtu015,0.1887496767194621,0.06252808432336918
dtu018,0.0602885685248464,0.01997210677112708
dtu024,0.0,0.0
dtu029,0.1249861717946878,0.04140481734890049
dtu052,0.036919057552173,0.012230367669411558
dtu053,0.0,0.0
dtu059,0.036919057552173,0.012230367669411558
dtu063,0.0929109240083794,0.0307790836621818
dtu064,0.047662298352413,0.015789336767208173
dtu073,0.0514595120783975,0.017047259451786374
dtu089,0.0,0.0
dtu098,0.0823557161627391,0.027282405216454787
dulv01,0.0522114319003159,0.01729635183089125
dump01,0.0,0.0
duou01,0.0,0.0
duph01,0.0,0.0
dupi01,0.0,0.0
duqw01,0.0,0.0
duss01,0.0,0.0
duua01,0.0,0.0
duus01,0.0,0.0
defluviitoga,0.0,0.0
dehalobacterium,0.0213152278159743,0.007061206066222837
deinococcus,0.0,0.0
delta-02,0.0,0.0
dermatophilus,0.0,0.0
desulfamplus,0.0,0.0
desulfobulbus,0.0,0.0
desulfofundulus,0.0,0.0
desulfogranum,0.0,0.0
desulfolucanica,0.0,0.0
desulfomicrobium,0.0,0.0
desulfopila,0.0,0.0
desulfoprunum,0.0,0.0
desulforapulum,0.0,0.0
desulfosporosinus,0.0,0.0
desulfovibrio,0.0,0.0
dethiobacter,0.0727747398943719,0.024108465518009246
dethiosulfovibrio,0.0,0.0
devosia,0.0,0.0
dietzia,0.0,0.0
dokdonella,0.0,0.0
domibacillus,0.0,0.0
draconibacterium,0.0,0.0
duganella,0.0,0.0
duodenibacillus,0.0,0.0
dysgonomonas,0.0,0.0
dysosmobacter,0.0,0.0
dysosmobacter_a,0.0,0.0
e44-bin32,0.0,0.0
egerieisoma,0.0,0.0
endomicrobium,0.0,0.0
endomicrobium_a,0.0,0.0
enterenecus,0.0,0.0
enterocloster,0.0,0.0
enterococcus,0.0,0.0
enterococcus_a,0.0,0.0
enterococcus_b,0.0,0.0
enterococcus_e,0.0,0.0
enterococcus_i,0.0,0.0
enterocola,0.0213152278159743,0.007061206066222837
enteromonas,0.0,0.0
enterousia,0.0,0.0
enterovirga,0.0,0.0
entomohabitans,0.0,0.0
eoetvoesia,0.0,0.0
erysipelothrix,0.0,0.0
estrella,0.0,0.0
eubacterium,0.0,0.0
eubacterium_b,0.0,0.0
eubacterium_g,0.0,0.0
eubacterium_o,0.0,0.0
eubacterium_t,0.0,0.0
evansella,0.0,0.0
evtepia,0.0,0.0
exiguobacterium,0.0,0.0
f0058,0.0,0.0
fb2012,0.0,0.0
fen-1160,0.0,0.0
fuhm01,0.0,0.0
facklamia,0.0,0.0
faecalibacterium,0.0,0.0
faecalimonas,0.0,0.0
faeciplasma,0.0,0.0
faecousia,0.0,0.0
falsochrobactrum,0.0,0.0
faunimonas,0.0,0.0
fen-1087,0.0,0.0
ferdinandcohnia,0.0,0.0
fermentibacter,0.0,0.0
ferruginibacter,0.0,0.0
fibrobacter,0.0426304556319487,0.014122412132445706
fimenecus,0.0,0.0
fimimonas,0.0,0.0
fimisoma,0.0,0.0
fimivivens,0.0,0.0
firm-04,0.0,0.0
firm-07,0.0213152278159743,0.007061206066222837
firm-13,0.0,0.0
firm-16,0.0,0.0
flaviflexus,0.0,0.0
flavipsychrobacter,0.0,0.0
flavobacterium,0.0,0.0
flexilinea,0.0,0.0
fonticella,0.0,0.0
fontisphaera,0.0,0.0
formimonas,0.0,0.0
fredericiella,0.0,0.0
fructobacillus,0.0,0.0
fundicoccus,0.0,0.0
fundidesulfovibrio,0.0,0.0
fusobacterium,0.0,0.0
fusobacterium_b,0.0,0.0
gca-002840305,0.0,0.0
gca-002841655,0.0,0.0
gca-013693735,0.0,0.0
gca-016699895,0.0,0.0
gca-2699445,0.0,0.0
gca-2723275,0.0,0.0
gca-2729495,0.0,0.0
gca-2746885,0.0213152278159743,0.007061206066222837
gwa2-32-17,0.0,0.0
gwc2-37-14,0.0,0.0
gwc2-73-18,0.0,0.0
gwe2-31-10,0.0,0.0
gwe2-42-24,0.0,0.0
gwf2-33-38,0.0,0.0
gwf2-43-63,0.0,0.0
ga0077530,0.0,0.0
ga0077548,0.0,0.0
gaiella,0.0,0.0
galactobacter,0.0,0.0
gallionella,0.0,0.0
galliscardovia,0.0,0.0
gaoshiqia,0.0,0.0
garciella,0.1405900015308865,0.04657397895208921
gemmatimonas,0.0,0.0
gemmiger,0.0,0.0
gemmobacter_b,0.0,0.0
geobacillus,0.0,0.0
geofilum,0.0727747398943719,0.024108465518009246
geosporobacter,0.0,0.0
gleimia,0.0301442842624232,0.00998605338556354
globicatella,0.0,0.0
glycomyces,0.0,0.0
gordonia,0.0,0.0
gottfriedia,0.0,0.0
gottschalkia_a,0.0929109240083794,0.0307790836621818
gracilibacter,0.0213152278159743,0.007061206066222837
granulicoccus,0.0,0.0
h1,0.0,0.0
hgm04593,0.0,0.0
hgm10857,0.0,0.0
hgm11604,0.0,0.0
hgm11616,0.0213152278159743,0.007061206066222837
hgm12789,0.12379946068361,0.04101168940446836
hgm13010,0.0,0.0
hgm13233,0.0,0.0
hgm16780,0.0,0.0
hgw-1,0.0,0.0
hk-stas-pate-36,0.0,0.0
hun007,0.0,0.0
haliovirga,0.0,0.0
haloimpatiens,0.0,0.0
halopseudomonas,0.0,0.0
halorubrum,0.0,0.0
halothermothrix,0.0,0.0
haploplasma,0.0,0.0
hazenella,0.0,0.0
heliomicrobium,0.0,0.0
heliorestis,0.0,0.0
herbivorax,0.0514595120783975,0.017047259451786374
hoeflea,0.0,0.0
holophaga,0.0,0.0
holtiella,0.0,0.0
hominibacterium,0.0,0.0
hominimerdicola,0.0,0.0
hominiventricola,0.0,0.0
humidesulfovibrio,0.0,0.0
humimicrobium,0.0,0.0
hungateiclostridium,0.0213152278159743,0.007061206066222837
hydrogenispora,0.0,0.0
hydrogenophaga,0.0,0.0
hymenobacter,0.0,0.0
hyphomicrobium_b,0.0,0.0
hyphomicrobium_c,0.0,0.0
ior16,0.0,0.0
iamia,0.0,0.0
ignatzschineria,0.0,0.0
ignavigranum,0.0,0.0
inordinaticella,0.0,0.0
insulibacter,0.0,0.0
intestinibacter,0.0,0.0
iocasia,0.0,0.0
irregularibacter,0.0213152278159743,0.007061206066222837
isobaculum,0.0,0.0
jaaeka01,0.0,0.0
jaaepj01,0.0,0.0
jaaeth01,0.0,0.0
jaafhb01,0.0,0.0
jaallb01,0.0,0.0
jaauql01,0.0,0.0
jaavlz01,0.0,0.0
jaaxkn01,0.0,0.0
jaaybj01,0.0,0.0
jaaycb01,0.0,0.0
jaayde01,0.0,0.0
jaaydf01,0.0,0.0
jaaydh01,0.0,0.0
jaayfb01,0.0,0.0
jaaygu01,0.0514595120783975,0.017047259451786374
jaayhf01,0.0,0.0
jaayjk01,0.0778065826148362,0.02577539015277171
jaaylu01,0.0,0.0
jaayob01,0.0,0.0
jaaypc01,0.0,0.0
jaaysa01,0.0,0.0
jaaytv01,0.0,0.0
jaayyf01,0.0,0.0
jaayyz01,0.0,0.0
jaayzc01,0.0,0.0
jaayzz01,0.0,0.0
jaazbk01,0.0,0.0
jaazeb01,0.0,0.0
jaazff01,0.0,0.0
jaazgc01,0.0,0.0
jaaziy01,0.0,0.0
jaazjx01,0.0,0.0
jaazko01,0.0,0.0
jaazkv01,0.0,0.0
jaazpg01,0.0,0.0
jabddc01,0.0,0.0
jabdgm01,0.0,0.0
jabdlz01,0.0,0.0
jabhkc01,0.0,0.0
jablxh01,0.0,0.0
jabmpj01,0.0,0.0
jabwbd01,0.0,0.0
jabzip01,0.0,0.0
jacadu01,0.0,0.0
jacadw01,0.0,0.0
jacces01,0.0,0.0
jaccxm01,0.0,0.0
jaccze01,0.0,0.0
jacdbr01,0.0,0.0
jacdhd01,0.0,0.0
jacdhn01,0.0,0.0
jaciwr01,0.0,0.0
jaciyf01,0.0,0.0
jaciyh01,0.0,0.0
jackgs01,0.0,0.0
jacpdt01,0.0,0.0
jacpzp01,0.0,0.0
jacqfh01,0.0,0.0
jacqvt01,0.0,0.0
jacrcq01,0.0,0.0
jacrdc01,0.0,0.0
jacrne01,0.0,0.0
jacrtk01,0.0,0.0
jadfnb01,0.0,0.0
jadfrg01,0.0,0.0
jadgnf01,0.0639456834479231,0.021183618198668576
jadgqx01,0.0,0.0
jadiyw01,0.0,0.0
jadjyj01,0.0,0.0
jadkav01,0.0,0.0
jadkcl01,0.0,0.0
jadlgh01,0.0,0.0
jadlgl01,0.0,0.0
jadmjv01,0.0,0.0
jadzem01,0.0,0.0
jaedji01,0.0,0.0
jaeknw01,0.0,0.0
jaermq01,0.0,0.0
jaeujm01,0.0,0.0
jaeumg01,0.0,0.0
jaevlt01,0.0,0.0
jaewah01,0.0,0.0
jaewry01,0.0,0.0
jaewvq01,0.0,0.0
jaexna01,0.0,0.0
jaeyra01,0.0,0.0
jaezlb01,0.0,0.0
jaezou01,0.0213152278159743,0.007061206066222837
jaezwm01,0.0,0.0
jafafn01,0.0,0.0
jafafz01,0.0,0.0
jafazj01,0.0,0.0
jafbad01,0.0,0.0
jafcgc01,0.0,0.0
jafgfn01,0.0,0.0
jafgol01,0.0,0.0
jafkkf01,0.0,0.0
jafmjv01,0.0,0.0
jafnag01,0.0,0.0
jafuxm01,0.0,0.0
jagngi01,0.0,0.0
jagoaj01,0.0,0.0
jagocv01,0.0,0.0
jagonc01,0.0,0.0
jagoov01,0.0,0.0
jagopy01,0.0,0.0
jagrnp01,0.0,0.0
jaguvt01,0.0,0.0
jaguwj01,0.0,0.0
jagvvh01,0.0,0.0
jahbxr01,0.0,0.0
jahbxu01,0.0,0.0
jahfoq01,0.0,0.0
jahftw01,0.0,0.0
jahhtg01,0.0,0.0
jahivh01,0.0,0.0
jahjqk01,0.0,0.0
jahwkr01,0.0,0.0
jaibby01,0.0,0.0
jaiept01,0.0,0.0
jailzp01,0.036919057552173,0.012230367669411558
jaimbi01,0.0,0.0
jaioup01,0.0,0.0
jairni01,0.0,0.0
jairnn01,0.0,0.0
jairyt01,0.0,0.0
jaisft01,0.0,0.0
jaiszg01,0.0,0.0
jaitla01,0.0,0.0
jaitqc01,0.0,0.0
jaizzn01,0.0,0.0
jajdgj01,0.0,0.0
jajdvc01,0.0,0.0
jajgre01,0.0,0.0
jajmzj01,0.0,0.0
jajpjw01,0.0,0.0
jajujl01,0.0,0.0
jajyrx01,0.0,0.0
jakawj01,0.0,0.0
jakbat01,0.0,0.0
jakiu001,0.0,0.0
jakjbl01,0.0,0.0
jakjei01,0.0,0.0
jakjgy01,0.0,0.0
jakosx01,1.34390022604415,0.4452007977803278
jakpgm01,0.0,0.0
jakpkf01,0.0,0.0
jakqdp01,0.0,0.0
jakqqt01,0.0,0.0
jakqtp01,0.0,0.0
jaksbq01,0.0,0.0
jakscf01,0.0602885685248464,0.01997210677112708
jakvon01,0.0,0.0
jalcry01,0.0,0.0
jalhet01,0.0,0.0
jalhfc01,0.0,0.0
jalhlm01,0.0,0.0
jalhqu01,0.0,0.0
jalnwk01,0.0,0.0
jalnzu01,0.0,0.0
jaloaf01,0.0887198965598297,0.02939070026328483
jaloap01,0.0,0.0
jalrhz01,0.0,0.0
jalznd01,0.0,0.0
jamdda01,0.0,0.0
jamlhn01,0.0,0.0
jamlia01,0.0,0.0
jampcj01,0.0,0.0
jampxd01,0.0,0.0
jampxm01,0.0,0.0
janjuo01,0.0,0.0
jankmx01,0.0,0.0
janlfz01,0.0,0.0
janqmy01,0.0,0.0
janxaq01,0.0,0.0
janxqg01,0.0,0.0
janzza01,0.0,0.0
jaoadn01,0.0,0.0
jaoagt01,0.0,0.0
japlvk01,0.0,0.0
japlvo01,0.0,0.0
jappha01,0.0,0.0
japuds01,0.0,0.0
jaqsxr01,0.0,0.0
jaquly01,0.0,0.0
jaqvcs01,0.0,0.0
jaqvda01,0.0,0.0
jaqvkf01,0.0,0.0
jaqvqn01,0.0,0.0
jaqwch01,0.0,0.0
jarxwg01,0.0,0.0
jasbru01,0.0,0.0
jasgtu01,0.0,0.0
jasjct01,0.0,0.0
jauhxr01,0.0,0.0
jauiik01,0.0,0.0
jaupvl01,0.0,0.0
jauvan01,0.0,0.0
jauwzs01,0.0,0.0
jg1575,0.0,0.0
jgm124,0.0,0.0
jj008,0.0,0.0
janibacter,0.0,0.0
jeotgalibaca,0.0,0.0
jeotgalicoccus,0.0,0.0
kbs-96,0.0,0.0
klap22,0.0,0.0
kaistella,0.0,0.0
kaistia,0.0,0.0
keratinibaculum,0.0,0.0
kluyvera,0.0,0.0
kocuria,0.0,0.0
koleobacter,0.0,0.0
kroppenstedtia,0.0,0.0
ktedonobacter,0.0,0.0
l1i39,0.0,0.0
lb-plm-3,0.0,0.0
ld21,0.0,0.0
laceyella,0.0,0.0
lachnoanaerobaculum,0.0,0.0
lachnospira,0.0,0.0
lachnotalea,0.0,0.0
lacipirellula,0.0,0.0
lacrimispora,0.0,0.0
lacticaseibacillus,0.0,0.0
lactobacillus,0.0,0.0
lactococcus,0.0,0.0
lactococcus_a,0.0,0.0
lawsonella,0.0,0.0
lederbergia_a,0.0,0.0
legionella,0.0,0.0
lenti-01,0.0,0.0
lentihominibacter,0.0,0.0
lentilactobacillus,0.0,0.0
lentimicrobium,0.0,0.0
lentzea,0.0,0.0
leptolinea,0.0,0.0
leucobacter,0.0,0.0
leuconostoc,0.0,0.0
leuconostoc_b,0.0,0.0
levilinea,0.0,0.0
ligilactobacillus,0.0,0.0
limimorpha,0.0,0.0
limnochorda,0.0,0.0
limnohabitans,0.0,0.0
limosilactobacillus,0.0,0.0
listeria,0.0,0.0
lucifera,0.0,0.0
luteibacter,0.0,0.0
luteimonas_c,0.0,0.0
luteimonas_d,0.0,0.0
luteolibacter,0.0,0.0
lutispora,0.0426304556319487,0.014122412132445706
lysinibacillus,0.0,0.0
lysinibacillus_b,0.0,0.0
lysobacter_c,0.0,0.0
m0108,0.0,0.0
m3007,0.0,0.0
m55b127,0.0,0.0
mfbs3-17,0.0,0.0
mgbc100798,0.0,0.0
mgbc108787,0.0,0.0
mgbc119817,0.0,0.0
mgiib-o1,0.0,0.0
mh13,0.0,0.0
mkrk01,0.0,0.0
mt110,0.0,0.0
mvzh01,0.0,0.0
mwbf01,0.0,0.0
mwbv01,0.0,0.0
mweh01,0.0,0.0
mwff01,0.0,0.0
macellibacteroides,0.0,0.0
mahella,0.0,0.0
mangrovibacterium,0.0,0.0
maridesulfovibrio,0.0,0.0
mariniphaga,0.0,0.0
mariniplasma,0.0301442842624232,0.00998605338556354
marinitenerispora,0.0,0.0
marinobacter,0.0,0.0
marinobacterium_d,0.0,0.0
marinospirillum,0.0,0.0
marmoricola,0.0,0.0
marseille-p3160,0.0,0.0
megasphaera,0.0,0.0
melghirimyces,0.0,0.0
merdivicinus,0.0,0.0
merdousia,0.0,0.0
mesorhizobium,0.0,0.0
mesotoga,0.0,0.0
methanobacterium,0.0,0.0
methanobacterium_a,0.0,0.0
methanobacterium_c,0.0,0.0
methanobacterium_d,0.0,0.0
methanobrevibacter,0.0,0.0
methanobrevibacter_a,0.0,0.0
methanobrevibacter_b,0.0,0.0
methanobrevibacter_d,0.0,0.0
methanocella_a,0.0,0.0
methanocorpusculum,0.0,0.0
methanocrinis,0.0,0.0
methanoculleus,0.0301442842624232,0.00998605338556354
methanoculleus_a,0.0,0.0
methanofastidiosum,0.0,0.0
methanofollis,0.0,0.0
methanogenium,0.0,0.0
methanogranum,0.0,0.0
methanolinea_a,0.0,0.0
methanomethylophilus,0.0,0.0
methanomethylovorans,0.0,0.0
methanomicrobium,0.0,0.0
methanoregula,0.0,0.0
methanosarcina,0.2066588010794784,0.0684609328325891
methanosphaera,0.0,0.0
methanosphaerula,0.0,0.0
methanospirillum,0.0,0.0
methanothermobacter,0.0,0.0
methanothermobacter_a,0.0,0.0
methanothrix,0.0,0.0
methanothrix_b,0.0,0.0
methylobacterium,0.0,0.0
methyloceanibacter,0.0,0.0
methylocystis,0.0,0.0
methyloversatilis,0.0,0.0
microbacterium,0.0,0.0
micropruina,0.0,0.0
microthrix,0.0,0.0
microvirga,0.0,0.0
miltoncostaea,0.0,0.0
miniphocaeibacter,0.0,0.0
mnb-11,0.0,0.0
mobilitalea,0.0,0.0
mogibacterium,0.0,0.0
monoglobus,0.0301442842624232,0.00998605338556354
moorella,0.1260495470046619,0.04175708716971436
mt11,0.0,0.0
muribaculum,0.0,0.0
mycobacterium,0.0,0.0
nk4a136,0.0,0.0
norp181,0.0,0.0
naasia,0.0,0.0
nakamurella,0.0,0.0
nanosyncoccus,0.0,0.0
natranaerobius,0.0,0.0
natronomonas,0.0,0.0
neofamilia,0.0,0.0
neorhizobium,0.0,0.0
neoroseomonas,0.0,0.0
nitrosocosmicus,0.0,0.0
nitrosomonas,0.0,0.0
nitrosopolaris,0.0,0.0
nitrososphaera,0.0,0.0
nitrosotalea,0.0,0.0
nitrosotenuis,0.0,0.0
niveibacterium,0.0,0.0
nocardia,0.0,0.0
nocardioides,0.0,0.0
nocardiopsis,0.0,0.0
nocardiopsis_a,0.0,0.0
nodosilinea,0.0,0.0
novosphingobium,0.0,0.0
nucleicultrix,0.0,0.0
numidum,0.0,0.0
olb9,0.0,0.0
oceanipulchritudo,0.0,0.0
oceanobacillus,0.0,0.0
ochrobactrum,0.0,0.0
ochrobactrum_a,0.0,0.0
odoribacter,0.0,0.0
olegusella,0.0,0.0
oleiliquidispirillum,0.0,0.0
oligella,0.0,0.0
oligosphaera,0.0,0.0
olsenella,0.0,0.0
onthenecus,0.0,0.0
onthovivens,0.0,0.0
ornithinicoccus,0.0,0.0
oscillibacter,0.0,0.0
otoolea,0.0,0.0
ottowia,0.0,0.0
oxobacter,0.0,0.0
palsa-555,0.0,0.0
palsa-968,0.0,0.0
ph28-bin88,0.0,0.0
phaa01,0.0,0.0
phbp01,0.0,0.0
phos-he28,0.0,0.0
planc-01,0.0,0.0
pnke01,0.0,0.0
pnof01,0.0,0.0
prdv01,0.0,0.0
psrf01,0.0,0.0
pwym01,0.0,0.0
paenalcaligenes,0.0,0.0
paenibacillus,0.0,0.0
paenibacillus_a,0.0,0.0
paenibacillus_ae,0.0,0.0
paenibacillus_ak,0.0,0.0
paenibacillus_b,0.0,0.0
paenibacillus_d,0.0213152278159743,0.007061206066222837
paenibacillus_e,0.0,0.0
paenibacillus_g,0.0,0.0
paenibacillus_v,0.0,0.0
paeniglutamicibacter,0.0,0.0
paenirhodobacter,0.0,0.0
paenisporosarcina,0.0,0.0
palauibacter,0.0,0.0
palsa-465,0.0,0.0
paludibacter,0.0639456834479231,0.021183618198668576
pan216,0.0,0.0
parabacteroides,0.0,0.0
paracholeplasma,0.0,0.0
parachristensenella,0.0,0.0
paraclostridium,0.0,0.0
paracoccus,0.0,0.0
parafannyhessea,0.0,0.0
parageobacillus,0.0,0.0
paralactobacillus,0.0,0.0
parapusillimonas,0.0,0.0
pararcticibacter,0.0,0.0
paratissierella,0.1076136705387066,0.03564973875845423
parvibacillus,0.0,0.0
parvimonas,0.0,0.0
patulibacter,0.0,0.0
paucisalibacillus,0.0,0.0
pauljensenia,0.0,0.0
peh17,0.0,0.0
pedobacter,0.0,0.0
pedococcus,0.0,0.0
pedosphaera,0.0,0.0
pelagibacterium,0.0,0.0
pelethomonas,0.0,0.0
pelobium,0.0,0.0
pelolinea,0.0,0.0
pelosinus,0.0,0.0
pelotomaculum,0.0,0.0
pelotomaculum_c,0.0,0.0
peptostreptococcus,0.0,0.0
perlabentimonas,0.0,0.0
petralouisia,0.0,0.0
petrimonas,0.0563947919397546,0.018682195207406365
petroclostridium,0.0213152278159743,0.007061206066222837
phaeovulum,0.0,0.0
phascolarctobacterium,0.0,0.0
phascolarctobacterium_a,0.0,0.0
phenylobacterium,0.0,0.0
phil1,0.0,0.0
phocaeicola,0.0,0.0
phosphoribacter,0.0,0.0
pirellula,0.0,0.0
piscicoccus,0.0,0.0
planifilum,0.0,0.0
plantactinospora,0.0,0.0
pluralibacter,0.0,0.0
polynucleobacter,0.0,0.0
pontibacillus,0.0,0.0
porcipelethomonas,0.0,0.0
porphyromonas,0.0,0.0
prevotella,0.0,0.0
pristimantibacillus,0.0,0.0
prolixibacter,0.0,0.0
promineifilum,0.0,0.0
propioniciclava,0.0,0.0
propionicimonas,0.0,0.0
propionivibrio,0.0,0.0
prosthecobacter,0.0,0.0
proteiniborus,0.0301442842624232,0.00998605338556354
proteiniclasticum,0.0,0.0
proteiniphilum,0.172285924715728,0.057074051810780624
pseudidiomarina,0.0,0.0
pseudobutyricicoccus,0.0,0.0
pseudochelatococcus,0.0,0.0
pseudoclostridium,0.0,0.0
pseudomonas_e,0.0,0.0
pseudomonas_m,0.0,0.0
pseudonocardia,0.0,0.0
pseudorhodoplanes,0.0,0.0
psychrobacter,0.0,0.0
pullulanibacillus,0.0,0.0
pygmaiobacter,0.0,0.0
pyramidobacter,0.0,0.0
qakw01,0.0,0.0
qalr01,0.0,0.0
qana01,0.0,0.0
qeuy01,0.0,0.0
qkmz01,0.0,0.0
qvmg01,0.0,0.0
qyoj01,0.0,0.0
quisquiliibacterium,0.0,0.0
r2a130,0.0,0.0
rbg-16-49-21,0.0,0.0
rciz01,0.0,0.0
rf16,0.0,0.0
rfsx01,0.0,0.0
rgig10190,0.0,0.0
rgig1681,0.0,0.0
rgig3456,0.0,0.0
rgig4266,0.0,0.0
rgig446,0.0,0.0
rgig4465,0.0,0.0
rgig529,0.0,0.0
rgig6353,0.0,0.0
rgig8124,0.0,0.0
rhkx01,0.0,0.0
rprb01,0.0,0.0
rsa17,0.0,0.0
rug11247,0.0,0.0
rug11257,0.0,0.0
rug13615,0.0,0.0
rug14515,0.0,0.0
rug563,0.0,0.0
rug666,0.0,0.0
rug695,0.0,0.0
rug721,0.0,0.0
rug754,0.0,0.0
rug806,0.0,0.0
rzyc01,0.0,0.0
rzyy01,0.0,0.0
raineyella,0.0,0.0
rathayibacter,0.0,0.0
rectinema,0.0,0.0
reyranella,0.0,0.0
rhabdaerophilum,0.0,0.0
rhizomicrobium,0.0,0.0
rhodococcus,0.0,0.0
rhodoferax,0.0,0.0
rhodoglobus,0.0,0.0
rhodosalinus,0.0,0.0
rhodovarius,0.0,0.0
robinsoniella,0.0,0.0
romboutsia_a,0.047662298352413,0.015789336767208173
roseicyclus,0.0,0.0
roseinatronobacter,0.0,0.0
rossellomorea,0.0,0.0
rothia,0.0,0.0
rubrivivax,0.0,0.0
rumen-m2,0.0,0.0
ruminiclostridium,0.0,0.0
ruminiclostridium_d,0.0,0.0
ruminococcus,0.0,0.0
ruminococcus_e,0.0,0.0
ruminococcus_g,0.0,0.0
rummeliibacillus,0.0,0.0
ruoffia,0.0,0.0
s145-28,0.0,0.0
sb21,0.0,0.0
scmt01,0.0,0.0
sfeb01,0.0,0.0
sffi01,0.0,0.0
sfla01,0.0,0.0
sfmi01,0.0,0.0
shnd01,0.0,0.0
shva01,0.0,0.0
shvz01,0.0,0.0
sibe01,0.0,0.0
sig204,0.0,0.0
sig37,0.0,0.0
sig424,0.1154051955263207,0.038230877650454985
sig435,0.0902927539843618,0.029911748899653912
sig459,0.0,0.0
sig502,0.0,0.0
sig636,0.0,0.0
sklg01,0.0,0.0
skmy01,0.0602885685248464,0.01997210677112708
skvr01,0.0,0.0
skw16,0.1127895838795092,0.03736439041481273
sm1-50,0.0,0.0
sm23-62,0.0,0.0
sr-fbr-e99,0.0,0.0
stc-113,0.0,0.0
sxxk01,0.0,0.0
syfn01,0.0,0.0
syhx01,0.0,0.0
szua-378,0.0,0.0
szua-444,0.0,0.0
saccharofermentans,0.0,0.0
saccharomonospora,0.0,0.0
saccharopolyspora,0.0,0.0
salinicoccus,0.0,0.0
salinigranum,0.0,0.0
sanguibacter,0.0,0.0
sarcina,0.0,0.0
savagea,0.0,0.0
sbd1,0.0,0.0
scatomorpha,0.1008647410000961,0.033413985868080136
scrofimicrobium,0.0,0.0
scybalousia,0.0,0.0
secundilactobacillus,0.0,0.0
sedimentibacter,0.2816336610348653,0.09329824353374083
serinicoccus,0.0,0.0
serratia,0.0,0.0
shouchella,0.0,0.0
siccibacter,0.0,0.0
siculibacillus,0.0,0.0
sideroxyarcus,0.0,0.0
siminovitchia,0.0,0.0
sinanaerobacter,0.0301442842624232,0.00998605338556354
skermania,0.0,0.0
soehngenia,0.0,0.0
solibacillus,0.0,0.0
solidesulfovibrio,0.0,0.0
sphaerobacter,0.0,0.0
sphaerochaeta,0.0,0.0
sphingobacterium,0.0,0.0
sphingomonas,0.0,0.0
spirillospora,0.0,0.0
spirosoma,0.0,0.0
sporanaerobacter,0.0,0.0
sporobacter,0.0,0.0
sporomusa,0.1079508668772595,0.03576144353833528
sporosarcina,0.0,0.0
sporotomaculum,0.0,0.0
staphylococcus,0.0,0.0
stenotrophomonas,0.0,0.0
streptacidiphilus,0.0,0.0
streptococcus,0.0426304556319487,0.014122412132445706
streptomyces,0.0,0.0
stutzerimonas,0.0,0.0
succinivibrio,0.0,0.0
suicoccus,0.0,0.0
sulfurimonas,0.0,0.0
sulfurospirillum,0.0,0.0
sulfurospirillum_b,0.0,0.0
sulfurovum,0.0,0.0
sunxiuqinia,0.0,0.0
sutterella,0.0,0.0
symbiobacterium,0.0,0.0
syner-03,0.0213152278159743,0.007061206066222837
synergistes,0.0,0.0
syntrophaceticus,0.0213152278159743,0.007061206066222837
syntrophobacter,0.0,0.0
syntrophomonas,0.0,0.0
syntrophomonas_b,0.0,0.0
syntrophorhabdus,0.0,0.0
syntrophosphaera,0.0213152278159743,0.007061206066222837
syntrophotalea,0.0,0.0
syntrophothermus,0.0,0.0
syntrophus,0.0,0.0
t3sed10-213,0.0,0.0
t78,45.9626739516227,15.226293377159738
ta-13,0.0,0.0
ta-20,0.0,0.0
ta-21,0.0,0.0
tta-h9,0.0,0.0
tabrizicola,0.0,0.0
tatlockia,0.0,0.0
tener-01,0.0,0.0
tepidanaerobacter,0.0,0.0
tepidibacter,0.0,0.0
teretinema,0.0,0.0
termiticorpusculum,0.0,0.0
terribacillus,0.0,0.0
terrisporobacter,0.0,0.0
thalassospira,0.0,0.0
thauera,0.0,0.0
thermacetogenium,0.0,0.0
thermaerobacter,0.0,0.0
thermanaerosceptrum,0.0602885685248464,0.01997210677112708
thermoactinomyces,0.0,0.0
thermoanaerobacter,0.0,0.0
thermoanaerobacterium,0.0,0.0
thermobacillus,0.0,0.0
thermobifida,0.0,0.0
thermobispora,0.0,0.0
thermoclostridium,0.0,0.0
thermoclostridium_a,0.2441618080049966,0.08088474843945792
thermodesulfitimonas,0.0,0.0
thermodesulfovibrio,0.0,0.0
thermoflavimicrobium,0.0,0.0
thermogutta,0.0,0.0
thermomonospora,0.0,0.0
thermopolyspora,0.0,0.0
thermosinus,0.0,0.0
thermostaphylospora,0.0,0.0
thermosynergistes,0.0,0.0
thermovirga,0.0,0.0
thiobacillus,0.0,0.0
thioglobus_c,0.0,0.0
thiomicrorhabdus,0.0,0.0
thiomicrospira,0.0,0.0
thiopseudomonas,0.0,0.0
tidjanibacter,0.0,0.0
tissierella,0.0213152278159743,0.007061206066222837
tissierella_a,0.0,0.0
traorella,0.0,0.0
treponema_d,0.0,0.0
treponema_f,0.0213152278159743,0.007061206066222837
trichococcus,0.0,0.0
trueperella,0.0,0.0
tumebacillus,0.0,0.0
turicibacter,0.0,0.0
uba10281,0.0,0.0
uba10511,0.0,0.0
uba10518,0.0,0.0
uba10566,0.0,0.0
uba1062,0.0,0.0
uba10649,0.0,0.0
uba1067,0.0,0.0
uba10799,0.0,0.0
uba11358,0.0,0.0
uba11452,0.0,0.0
uba1179,0.1147860146906396,0.03802575840374801
uba11865,0.0,0.0
uba1217,0.0,0.0
uba12396,0.0,0.0
uba12465,0.0,0.0
uba12481,0.0,0.0
uba12545,0.0,0.0
uba1258,0.0,0.0
uba1361,0.0639456834479231,0.021183618198668576
uba1362,0.0,0.0
uba1367,0.0,0.0
uba1384,0.0,0.0
uba1412,0.0,0.0
uba1413,0.0,0.0
uba1425,0.0,0.0
uba1429,0.0,0.0
uba1444,0.0,0.0
uba1535,0.0,0.0
uba1547,0.0,0.0
uba1685,0.0,0.0
uba1711,0.0,0.0
uba1712,0.0,0.0
uba1752,0.0,0.0
uba1829,0.0,0.0
uba183,0.0,0.0
uba1876,0.0,0.0
uba2192,0.0,0.0
uba2199,0.0,0.0
uba2212,0.0,0.0
uba2214,0.0,0.0
uba2224,0.0,0.0
uba2227,0.0,0.0
uba2253,0.0301442842624232,0.00998605338556354
uba2256,0.0,0.0
uba2259,0.0,0.0
uba2284,0.0,0.0
uba2632,0.0,0.0
uba2658,0.0,0.0
uba288,0.0,0.0
uba3006,0.0,0.0
uba3103,0.0,0.0
uba3207,0.0,0.0
uba3254,0.0,0.0
uba3263,0.0,0.0
uba3291,0.0,0.0
uba3534,0.0,0.0
uba3583,0.0,0.0
uba3700,0.0,0.0
uba3775,0.0,0.0
uba3792,0.0,0.0
uba3946,0.0514595120783975,0.017047259451786374
uba4053,0.0,0.0
uba4179,0.4090461115170361,0.13550682680690523
uba4334,0.0,0.0
uba4372,0.0,0.0
uba4417,0.0,0.0
uba4644,0.0,0.0
uba472,0.0,0.0
uba4782,0.0,0.0
uba4810,0.0,0.0
uba4923,0.0,0.0
uba4971,0.397817217579945,0.13178697287571062
uba5026,0.0,0.0
uba5066,0.0,0.0
uba5072,0.0,0.0
uba5124,0.0,0.0
uba5150,0.0,0.0
uba5189,0.0,0.0
uba5232,0.0,0.0
uba5272,0.0,0.0
uba5348,0.0,0.0
uba5352,0.0,0.0
uba5429,0.0213152278159743,0.007061206066222837
uba5435,0.0,0.0
uba5453,0.036919057552173,0.012230367669411558
uba5456,0.0602885685248464,0.01997210677112708
uba5734,0.0,0.0
uba5738,0.0,0.0
uba5767,0.0,0.0
uba5851,0.0,0.0
uba5905,0.0,0.0
uba6,0.0,0.0
uba6016,0.0,0.0
uba6024,0.0,0.0
uba6082,0.0,0.0
uba6107,0.0,0.0
uba6115,0.0,0.0
uba6163,0.0,0.0
uba6170,0.0,0.0
uba6182,0.0,0.0
uba6256,0.0,0.0
uba6345,0.0,0.0
uba644,0.0,0.0
uba6503,0.0,0.0
uba6544,0.0,0.0
uba6659,0.0,0.0
uba6857,0.0,0.0
uba7050,0.0,0.0
uba7067,0.0,0.0
uba7173,0.0,0.0
uba721,0.0,0.0
uba7332,0.0,0.0
uba737,0.0,0.0
uba738,0.0,0.0
uba7396,0.0,0.0
uba7640,0.0,0.0
uba7703,0.0,0.0
uba7706,0.0,0.0
uba7867,0.0,0.0
uba8199,0.0,0.0
uba8346,0.0727747398943719,0.024108465518009246
uba8389,0.0,0.0
uba8515,0.0,0.0
uba852,0.0,0.0
uba8525,0.0,0.0
uba866,0.0,0.0
uba8904,0.0,0.0
uba8950,0.0,0.0
uba9076,0.0,0.0
uba9339,0.0,0.0
uba946,0.0,0.0
uba9627,0.0,0.0
uba9628,0.0,0.0
uba9631,0.0,0.0
uba9647,0.0,0.0
uba9715,0.0,0.0
uba9862,0.0,0.0
uba9949,0.0,0.0
umgs1071,0.0,0.0
umgs1338,0.0,0.0
umgs1491,0.0,0.0
umgs1518,0.0,0.0
umgs1613,0.0,0.0
umgs1663,0.0,0.0
umgs1865,0.0,0.0
umgs2070,0.0,0.0
umgs263,0.0301442842624232,0.00998605338556354
umgs363,0.0,0.0
umgs687,0.0,0.0
umgs755,0.0,0.0
umgs882,0.0,0.0
upxz01,0.0,0.0
udaeobacter,0.0,0.0
ulvibacter,0.0,0.0
undibacterium,0.0,0.0
unknown,247.46546540976834,81.9791681617662
ureibacillus,0.0,0.0
vatk01,0.0,0.0
vayn01,0.0,0.0
vemy01,0.0795495131841217,0.026352779801857268
veov01,0.0,0.0
vfjn01,0.0,0.0
vfzk01,0.0,0.0
vgbv01,0.0,0.0
vgsz01,0.0,0.0
vhbl01,0.0,0.0
vadinca11,0.0,0.0
vagococcus_d,0.0,0.0
vallitalea_a,0.0,0.0
ventricola,0.0,0.0
vermiculatibacterium,0.0,0.0
vescimonas,0.0,0.0
vicinibacter,0.0,0.0
victivallis,0.0,0.0
villigracilis,0.0,0.0
viridilinea,0.0,0.0
vreelandella,0.0,0.0
vulgatibacter,0.0,0.0
wfva01,0.0,0.0
wgai01,0.0,0.0
wlnj01,0.0,0.0
wo2-35-19,0.0,0.0
wquu01,0.0,0.0
wqze01,0.0,0.0
wrav01,0.0,0.0
wrcc01,0.0,0.0
wrgt01,0.0,0.0
wrhl01,0.0,0.0
wrio01,0.0,0.0
wrjc01,0.0,0.0
wrji01,0.0,0.0
wrmh01,0.0,0.0
wrms01,0.0,0.0
wrnp01,0.0,0.0
wrnx01,0.0,0.0
wtbx01,0.0,0.0
wyz-lmo8,0.0,0.0
williamwhitmania,0.0,0.0
wolinella,0.0,0.0
woodwardibium,0.0,0.0
xyc2-full-35-21,0.0,0.0
xanthobacter,0.0,0.0
xanthomarina,0.0,0.0
xanthomonas_b,0.0,0.0
xenobium,0.0,0.0
xylanivirga,0.0,0.0
yb12-full-65-16,0.0,0.0
yim-78166,0.0,0.0
yersinia,0.0,0.0
z2-yc6860,0.0,0.0
zc3rg10,0.073838115104346,0.024460735338823116
zc4rg17,0.0,0.0
zcth02-b6,0.0,0.0
zag111,0.0,0.0
zeimonas,0.0,0.0
zhaonella,0.0213152278159743,0.007061206066222837
zoogloea,0.0,0.0
